Blog Titles,URL,Category,Date
UiPath 2022.2 Monthly Update,/blog/product-and-updates/february-2022-uipath-monthly-update,PRODUCT AND UPDATES,"February 27, 2022"
Six Reasons to Start Your Automation Program in Cloud,/blog/product-and-updates/why-start-automation-program-in-cloud,PRODUCT AND UPDATES,"February 22, 2022"
Expanding the Power of CRM through API Automation,/blog/product-and-updates/api-automation-expands-crm-power,PRODUCT AND UPDATES,"February 20, 2022"
Why You Should Leverage Microservices with Hyperautomation to Minimize Technical Debt,/blog/automation/minimize-technical-debt-leverage-automation-microservices,AUTOMATION,"February 15, 2022"
Democratizing Automation: 6 Critical Success Factors You Can’t Ignore,/blog/automation/democratizing-automation-critical-success-factors,AUTOMATION,"February 14, 2022"
Automation and the Future of the Finance Function,/blog/industry-solutions/automation-future-of-finance-amazon,INDUSTRY SOLUTIONS,"February 06, 2022"
How CIOs Can Achieve End-to-End Automation,/blog/product-and-updates/how-cios-can-achieve-end-to-end-automation,PRODUCT AND UPDATES,"January 31, 2022"
Critical Success Factors for Your Intelligent Automation Transformation,/blog/digital-transformation/intelligent-automation-transformation-success-factors,DIGITAL TRANSFORMATION,"January 25, 2022"
UiPath 2022.1 Monthly Update,/blog/product-and-updates/january-2022-uipath-monthly-update,PRODUCT AND UPDATES,"January 23, 2022"
Survey: Business Leaders are Expanding Automation Usage to Combat the Global Labor Shortage,/blog/automation/using-automation-combat-labor-shortage,AUTOMATION,"January 18, 2022"
API Automation vs. iPaaS: Competitive or Complementary?,/blog/automation/api-automation-vs-ipaas,AUTOMATION,"January 16, 2022"
Newly Enhanced Triggers Help Drive Automation,/blog/product-and-updates/uipath-integration-service-newly-enhanced-triggers,PRODUCT AND UPDATES,"January 09, 2022"
My New Year's Resolution: Using Automation to Help Improve 1 Million People's Lives,/blog/industry-solutions/new-years-resolution-using-automation-improve-1-million-lives,INDUSTRY SOLUTIONS,"December 28, 2021"
Improving Business Productivity Through Intelligent Automation,/blog/automation/intelligent-automation-improving-business-productivity,AUTOMATION,"December 21, 2021"
,,,
,,,
Hello World execution ended in: 00:07:01,,,
