Site Titles,URL
The rise in automation and what it means for the future - The ...,"https://www.weforum.org/agenda/2021/04/the-rise-in-automation-and-what-it-means-for-the-future/#:~:text=Automation%20has%20shown%20significant%20progression,steer%20people%20towards%20other%20opportunities."
What the Future of Automation Looks Like (& How to Get ...,https://blog.hubspot.com/marketing/what-the-future-of-automation-looks-like-and-how-to-get-ahead-right-now
What Is the Future for Automation Engineers ? | ARC Advisory,https://www.arcweb.com/industry-best-practices/what-future-automation-engineers
The future of robotics and automation relies on workers with advanced ...,https://www.bizjournals.com/cincinnati/news/2020/12/14/the-future-of-robotics-and-automation-relies-on-wo.html
A new study measures the actual impact of robots on jobs. It's,https://mitsloan.mit.edu/ideas-made-to-matter/a-new-study-measures-actual-impact-robots-jobs-its-significant
"AI, automation, and the future of work: Ten things to solve for",https://www.mckinsey.com/featured-insights/future-of-work/ai-automation-and-the-future-of-work-ten-things-to-solve-for
Automation And The Future Of Work - Forbes,https://www.forbes.com/sites/anniebrown/2021/06/02/automation-and-the-future-of-workhow-engineered-systems-are-improving-the-workplace/
The Future Is Both Automated And Intelligent - Forbes,https://www.forbes.com/sites/forbestechcouncil/2021/04/08/the-future-is-both-automated-and-intelligent/
Videos,
What is the Future of Automation | HCL Technologies,https://www.hcltech.com/technology-qa/the-future-of-automation
10 Thinkers on the Future of Automation | BlueBotics,https://bluebotics.com/future-of-automation/
What the Future of Automation Looks Like (& How to Get ...,https://blog.hubspot.com/marketing/what-the-future-of-automation-looks-like-and-how-to-get-ahead-right-now
AI and Automation Are Reshaping the Future of Work - Marsh ...,https://www.mmc.com/insights/publications/2019/sep/ai-and-automation-are-reshaping-the-future-of-work.html
The Future of Automation: Will Robots Take Your Job?,https://blog.isa.org/the-future-of-automation-will-robots-take-your-job
Automation and the future of work | IBM,https://www.ibm.com/thought-leadership/institute-business-value/report/automation-workflows
How recession and automation is changing the future of work,https://www.theceomagazine.com/business/innovation-technology/future-of-work/
Exploring the impact of automation and new technologies on ...,https://equitablegrowth.org/exploring-the-impact-of-automation-and-new-technologies-on-the-future-of-u-s-workers-and-their-families/
How the Future of Automation will Transform Business - NIX ...,https://nix-united.com/blog/the-future-of-automation/
Automation is making human labor more valuable than ever,https://www.vox.com/a/new-economy-future/manual-labor-luxury-good
The Future of Work Automation - Smartsheet,https://www.smartsheet.com/content-center/product-news/automation/future-of-automation
12 jobs that AI will replace in future - Saviom,https://www.saviom.com/blog/12-jobs-that-robots-ai-will-replace-in-the-future-and-12-that-wont/
MIT forum examines the rise of automation in the workplace,https://news.mit.edu/2020/forum-automation-work-future-1120
6 Predictions About the Future of Automation - Evolve ETFs,https://evolveetfs.com/2019/06/6-predictions-about-the-future-of-automation/
Five ways automation will help businesses - LAC Conveyors,https://www.lacconveyors.co.uk/future-of-automation/
Digital automation and the future of work,https://www.europarl.europa.eu/RegData/etudes/STUD/2021/656311/EPRS_STU(2021)656311_EN.pdf
Automation and the future of work: Assessing the role of labor ...,https://www.sciencedirect.com/science/article/pii/S1094202521000570
What Is the Future for Automation Engineers ? | ARC Advisory,https://www.arcweb.com/industry-best-practices/what-future-automation-engineers
"Automation and the Future of Work, Aaron Benanav - Verso ...",https://www.versobooks.com/books/3717-automation-and-the-future-of-work
What the Future Holds for Robotic Process Automation,https://www.cio.com/article/189619/what-the-future-holds-for-robotic-process-automation-the-next-chapter.html
How ERP Systems And Automation Affect The Future Of Jobs,https://www.automate.org/editorials/how-erp-systems-and-automation-affect-the-future-of-jobs
Future of Automation: Robots Are Coming But Wont Take Jobs,https://www.digitaltrends.com/features/the-future-of-automation/
Is The Future of Automation in the Manufacturing Sector ...,https://www.techbriefs.com/component/content/article/tb/pub/features/articles/39983
The Future of Jobs in the Era of AI | BCG,https://www.bcg.com/publications/2021/impact-of-new-technologies-on-jobs
Automation & The Future Of Work: How Can You Prepare?,https://www.cxcglobal.com/future-work-automation/amp/
Automation and the Future of Work: Scenarios and Policy ...,https://www.cigionline.org/publications/automation-and-future-work-scenarios-and-policy-options/
"Digitalization, Automation and the Future of Work | Projects",https://www.exc.uni-konstanz.de/en/inequality/research/projects/digitalization-automation-and-the-future-of-work/
Automation has changed the future of work. What about people?,https://diginomica.com/automation-future-work-people
Data automation: the future of data analytics - Unit4,https://www.unit4.com/blog/data-automation-future-data-analytics
The future of data quality: why automation holds the key - The ...,https://www.the-gma.com/the-future-of-data-quality-why-automation-holds-the-key
What is the future for automation industry? - Quora,https://www.quora.com/What-is-the-future-for-automation-industry
5 Problems Automation Will Solve in the Future Workplace,https://www.konicaminolta.com.au/news-insight/blog/automation-in-future-workplace
Future of Automation in India - LinkedIn,https://www.linkedin.com/pulse/future-automation-india-aswajit-boro
Automation: The Future of Manufacturing Is Here | 2020-08-01,https://www.qualitymag.com/articles/96158-automation-the-future-of-manufacturing-is-here
Future Trends for Robotics and Automation,https://www.robotics247.com/article/insights_on_future_trends_for_robotics_and_automation
Is Automation the Future of the Supply Chain?,https://supplychaindigital.com/technology/automation-future-supply-chain
Robo-Apocalypse cancelled? Reframing the automation and ...,https://journals.sagepub.com/doi/abs/10.1177/0268396220925830
Automation: The Future of Work - Appian,https://appian.com/blog/2020/automation-the-future-of-work.html
"Artificial Intelligence, Automation and the Future of ...",https://www.routledge.com/Artificial-Intelligence-Automation-and-the-Future-of-Competence-at-Work/Johannessen/p/book/9780367640460
The Future of Industrial Automation,https://www.automation.com/en-us/articles/2003-2/the-future-of-industrial-automation
Our Automated Future | The New Yorker,https://www.newyorker.com/magazine/2016/12/19/our-automated-future
Impact of Automation - Future of Work | UiPath,https://www.uipath.com/blog/automation/impact-of-automation-future-of-work
The Evolution and Future Scope of Industrial Automation,https://wisdomplexus.com/blogs/industrial-automation-future-scope/
Automation — what does it mean for the future of work?,https://medium.com/future-u/automation-what-does-it-mean-for-the-future-of-work-f8914be455f2
Mapping your journey into the future: intelligent automation,https://www.genpact.com/insight/point-of-view/mapping-your-journey-into-the-future-intelligent-automation
What Lies Ahead in the Future of Automation? - Analytics Insight,https://www.analyticsinsight.net/lies-ahead-future-automation/
The Future of Robotics and Automation in Manufacturing | PLEX,https://www.plex.com/platform/manufacturing-automation/future-robotics-and-automation
AI and automation: how can the UK prepare for the future of ...,https://www.newstatesman.com/spotlight/2021/11/ai-and-automation-how-can-the-uk-prepare-for-the-future-of-work
The future of work is automation: How not to be replaced,https://blog.airslate.com/future-work-automation-avoid-replacement/
The Future of Automation – A Guide to What's Next - RS ...,https://uk.rs-online.com/web/generalDisplay.html?id=ideas-and-advice/future-automation-guide
"The Future of Work, Automation and the Left - Notes From Below",https://notesfrombelow.org/article/the-future-of-work
The future of automation: a more integrated outlook,https://www.thinkautomation.com/future-of-work/the-future-of-automation-a-more-integrated-outlook/
How the Future of Packaging Automation Will Be Ruled by ...,https://www.packagingdigest.com/robotics/how-future-packaging-automation-will-be-ruled-robots
Why Hyperautomation is the future of Intelligent Automation,https://www.aurora-ecs.com/insights/why-hyperautomation-is-the-future-of-intelligent-automation/
TIA future technologies | Totally Integrated Automation (TIA),https://new.siemens.com/global/en/products/automation/topic-areas/tia/future-topics.html
"Aaron Benanav, Automation and the Future of Work—1, NLR ...",https://newleftreview.org/issues/ii119/articles/aaron-benanav-automation-and-the-future-of-work-1
The future of knowledge work - Deloitte,https://www2.deloitte.com/content/dam/insights/us/articles/the-future-of-knowledge-work/DUP416_The-future-of-knowledge-work.pdf
"Women, Automation, and the Future of Work - IWPR",https://iwpr.org/iwpr-issues/esme/women-automation-and-the-future-of-work/
Beyond manufacturing automation: the future of industry 4.0,https://traccsolution.com/blog/manufacturing-automation/
"Era of Automation, Future of Work | USA - Samsung SDS",https://www.samsungsds.com/us/blog/automation.html
Workforce of the future - The competing forces shaping 2030,https://www.pwc.com/gx/en/services/people-organisation/publications/workforce-of-the-future.html
"how UK innovation is driven by AI, automation and robotics",https://natwestbusinesshub.com/articles/future-business-how-uk-innovation-is-driven-by-ai-automation-and-robotics
The Future of Advanced Automation and Robotics Jobs - ARM,https://arminstitute.org/future-robotics-and-automation-jobs/
5 investors discuss the future of RPA after UiPath's IPO,https://techcrunch.com/2021/05/07/5-investors-discuss-the-future-of-rpa-after-uipaths-ipo/
How automation and augmentation will change the future of HR,https://www.capgemini.com/resources/how-automation-and-augmentation-will-change-the-future-of-hr/
Will A Robot Take Your Job? AI & The Future Of Jobs | Built In,https://builtin.com/artificial-intelligence/ai-replacing-jobs-creating-jobs
Being Human in the Time of Automation - Salesforce Blog,https://www.salesforce.com/ap/blog/2021/08/automation-technologies-being-human.html
Future of finance: Extreme automation,https://advisory.kpmg.us/articles/2019/extreme-automation.html
How Will Automation Affect the Future Workplace? - CMSWire,https://www.cmswire.com/digital-workplace/how-will-automation-affect-the-future-workplace/
"Rise of the Machines: The Future has Lots of Robots, Few Jobs",https://www.wired.com/brandlab/2015/04/rise-machines-future-lots-robots-jobs-humans/
Automation in the Lab of the Future Infographic - Technology ...,https://www.technologynetworks.com/informatics/infographics/automation-in-the-lab-of-the-future-345858
Future of Work: Automation and Work Trends | Autodesk,https://www.autodesk.com.sg/future-of-work
Is industrial automation the future of the EMS factory floor?,https://www.jjsmanufacturing.com/blog/is-industrial-automation-the-future-of-the-factory-floor
OECD Future of Work,https://www.oecd.org/future-of-work/
The future of work: Will robots take my job? - Knowable ...,https://knowablemagazine.org/article/technology/2018/future-work-will-robots-take-my-job
The future of robotics and automation relies on workers - The ...,https://www.bizjournals.com/cincinnati/news/2020/12/14/the-future-of-robotics-and-automation-relies-on-wo.html
Predictions for the State of AI and Robotics in 2025 - Pew ...,https://www.pewresearch.org/internet/2014/08/06/predictions-for-the-state-of-ai-and-robotics-in-2025/
How Will Home Automation Affect our Future? | ArchDaily,https://www.archdaily.com/923478/how-will-home-automation-affect-our-future
The Future Is Automation - ZealousWeb,https://www.zealousweb.com/the-future-is-automation/
Future of Work report: Robot wars or automation alliances?,https://www.capita.com/sites/g/files/nginej146/files/2019-11/capita-future-of-work-report.pdf
Why Are There Still So Many Jobs? The History and Future,https://www.aeaweb.org/articles?id=10.1257/jep.29.3.3
Automation and the future of the workplace - Control Techniques,https://www.driveobsessed.com/2021/07/06/automation-and-the-future-of-the-workplace/
Review: Automation and the Future of Work - The La Crosse ...,https://lacrosseindependent.com/2020/11/22/review-automation-and-the-future-of-work/
"To Prepare for Automation, Stay Curious and Don't Stop ...",https://hbr.org/2019/10/to-prepare-for-automation-stay-curious-and-dont-stop-learning
The Future of Work - Brookings Institution,https://www.brookings.edu/book/the-automated-society/
Automation and the future of the welfare state: basic income,https://www.tandfonline.com/doi/full/10.1080/2474736X.2020.1757387
What is Intelligent Automation and How Does it Benefit My ...,https://www.supplychain247.com/article/what_is_intelligent_automation_and_how_does_it_benefit_my_business
Automation and the Future of Jobs (2016) - IMDb,https://www.imdb.com/title/tt5699696/
Process Automation 2022: This is how the future will look like,https://www.botsandpeople.com/blog/process-automation-2022-this-is-how-the-future-will-look-like
Work in an Automated Future by Johan Aurik - Project Syndicate,https://www.project-syndicate.org/commentary/future-of-work-automation-by-johan-aurik-2017-01
"Automation alters future of jobs, work environment - Anadolu ...",https://www.aa.com.tr/en/economy/automation-alters-future-of-jobs-work-environment/2014514
